-- --------------------------------------------------------
-- Host:                         local
-- Server version:               5.6.16 - MySQL Community Server (GPL)
-- Server OS:                    Win32
-- HeidiSQL Version:             9.1.0.4867
-- --------------------------------------------------------

/*!40101 SET @OLD_CHARACTER_SET_CLIENT=@@CHARACTER_SET_CLIENT */;
/*!40101 SET NAMES utf8mb4 */;
/*!40014 SET @OLD_FOREIGN_KEY_CHECKS=@@FOREIGN_KEY_CHECKS, FOREIGN_KEY_CHECKS=0 */;
/*!40101 SET @OLD_SQL_MODE=@@SQL_MODE, SQL_MODE='NO_AUTO_VALUE_ON_ZERO' */;

-- Dumping structure for table armadats.app_settings
DROP TABLE IF EXISTS `app_settings`;
CREATE TABLE IF NOT EXISTS `app_settings` (
  `sett_id` int(11) unsigned NOT NULL AUTO_INCREMENT,
  `sett_name` varchar(50) DEFAULT NULL,
  `sett_value` text,
  PRIMARY KEY (`sett_id`),
  UNIQUE KEY `sett_name` (`sett_name`)
) ENGINE=InnoDB DEFAULT CHARSET=utf8;

-- Dumping data for table armadats.app_settings: ~0 rows (approximately)
/*!40000 ALTER TABLE `app_settings` DISABLE KEYS */;
/*!40000 ALTER TABLE `app_settings` ENABLE KEYS */;


-- Dumping structure for table armadats.ci_sessions
DROP TABLE IF EXISTS `ci_sessions`;
CREATE TABLE IF NOT EXISTS `ci_sessions` (
  `id` varchar(40) NOT NULL,
  `ip_address` varchar(45) NOT NULL,
  `timestamp` int(10) unsigned NOT NULL DEFAULT '0',
  `data` blob NOT NULL,
  KEY `ci_sessions_timestamp` (`timestamp`)
) ENGINE=InnoDB DEFAULT CHARSET=utf8;

-- Dumping data for table armadats.ci_sessions: ~50 rows (approximately)
/*!40000 ALTER TABLE `ci_sessions` DISABLE KEYS */;
INSERT INTO `ci_sessions` (`id`, `ip_address`, `timestamp`, `data`) VALUES
	('6r6hg7ht16hlm9fdmb085lgfrleff636', '127.0.0.1', 1506047312, _binary 0x5F5F63695F6C6173745F726567656E65726174657C693A313530363034373331323B),
	('af8ba3vgj871r8mc32cng3ddetn95rr7', '127.0.0.1', 1506046537, _binary 0x5F5F63695F6C6173745F726567656E65726174657C693A313530363034363533363B),
	('oqgm61k2jnpfcojfm3q0osa6sul78jom', '127.0.0.1', 1506047783, _binary 0x5F5F63695F6C6173745F726567656E65726174657C693A313530363034373738333B),
	('cljou9j2eopiaeobt73tfkv6kq8j9vpi', '127.0.0.1', 1506048186, _binary 0x5F5F63695F6C6173745F726567656E65726174657C693A313530363034383138363B),
	('db1ud6n85pdqgr08ilarviu425f3cnq0', '127.0.0.1', 1506049859, _binary 0x5F5F63695F6C6173745F726567656E65726174657C693A313530363034393835393B),
	('025dmga698f322usq5kdqph6odn189i8', '127.0.0.1', 1506049920, _binary 0x5F5F63695F6C6173745F726567656E65726174657C693A313530363034393835393B636170746368615F776F72647C733A383A226242486748546355223B636170746368615F74696D657C643A313530363034393932302E3634383839383B5F5F63695F766172737C613A323A7B733A31323A22636170746368615F776F7264223B733A333A226E6577223B733A31323A22636170746368615F74696D65223B733A333A226E6577223B7D),
	('riu6ient7l9u92a94rl4ige1ee1cnqtk', '127.0.0.1', 1506175945, _binary 0x5F5F63695F6C6173745F726567656E65726174657C693A313530363137353934353B757365725F69647C733A313A2231223B757365726E616D657C733A353A2261646D696E223B7374617475737C733A313A2231223B),
	('dm5teq4oj7t90i7lq82c8flr5hd6vc8p', '127.0.0.1', 1506176271, _binary 0x5F5F63695F6C6173745F726567656E65726174657C693A313530363137363237313B757365725F69647C733A313A2231223B757365726E616D657C733A353A2261646D696E223B7374617475737C733A313A2231223B),
	('q1hf95jt289vncv1mru09h5g5j5okik7', '127.0.0.1', 1506176650, _binary 0x5F5F63695F6C6173745F726567656E65726174657C693A313530363137363635303B757365725F69647C733A313A2231223B757365726E616D657C733A353A2261646D696E223B7374617475737C733A313A2231223B),
	('g9vt3ajrcrl3rb47meolt0ot2mqagbg5', '127.0.0.1', 1506177335, _binary 0x5F5F63695F6C6173745F726567656E65726174657C693A313530363137373333353B757365725F69647C733A313A2231223B757365726E616D657C733A353A2261646D696E223B7374617475737C733A313A2231223B),
	('ehkf11beaopvhm7afbnoksq2ic6m0qet', '127.0.0.1', 1506177651, _binary 0x5F5F63695F6C6173745F726567656E65726174657C693A313530363137373635313B757365725F69647C733A313A2231223B757365726E616D657C733A353A2261646D696E223B7374617475737C733A313A2231223B),
	('rram8b4ljcb3pb3vitlrgl71def5tlk3', '127.0.0.1', 1506179670, _binary 0x5F5F63695F6C6173745F726567656E65726174657C693A313530363137393637303B757365725F69647C733A313A2231223B757365726E616D657C733A353A2261646D696E223B7374617475737C733A313A2231223B),
	('m9hrbk05f3tlfuvmnekd64jpamde9uq4', '127.0.0.1', 1506180017, _binary 0x5F5F63695F6C6173745F726567656E65726174657C693A313530363138303031373B757365725F69647C733A313A2231223B757365726E616D657C733A353A2261646D696E223B7374617475737C733A313A2231223B),
	('44t8v7a50ruufti0fcq11j2qj23rvta9', '127.0.0.1', 1506180415, _binary 0x5F5F63695F6C6173745F726567656E65726174657C693A313530363138303431353B757365725F69647C733A313A2231223B757365726E616D657C733A353A2261646D696E223B7374617475737C733A313A2231223B),
	('q7j0o39pgkgrigt4em1mvrsmie782otu', '127.0.0.1', 1506180741, _binary 0x5F5F63695F6C6173745F726567656E65726174657C693A313530363138303734313B757365725F69647C733A313A2231223B757365726E616D657C733A353A2261646D696E223B7374617475737C733A313A2231223B),
	('ic64qp4hlb48jaee8qgspt9l2qt1gj2u', '127.0.0.1', 1506181055, _binary 0x5F5F63695F6C6173745F726567656E65726174657C693A313530363138313035353B757365725F69647C733A313A2231223B757365726E616D657C733A353A2261646D696E223B7374617475737C733A313A2231223B),
	('6fo89lm5tt46l2cid7eub0qgrt9vof27', '127.0.0.1', 1506181383, _binary 0x5F5F63695F6C6173745F726567656E65726174657C693A313530363138313338333B757365725F69647C733A313A2231223B757365726E616D657C733A353A2261646D696E223B7374617475737C733A313A2231223B),
	('c3m9ftleuao7q4j9jv346lp300nk76rg', '127.0.0.1', 1506182007, _binary 0x5F5F63695F6C6173745F726567656E65726174657C693A313530363138323030373B757365725F69647C733A313A2231223B757365726E616D657C733A353A2261646D696E223B7374617475737C733A313A2231223B),
	('hb6s4gvta0lll8649p77uhbrc5h51ltj', '127.0.0.1', 1506187424, _binary 0x5F5F63695F6C6173745F726567656E65726174657C693A313530363138373432343B757365725F69647C733A313A2231223B757365726E616D657C733A353A2261646D696E223B7374617475737C733A313A2231223B),
	('quida6k6atd76qt7eahavbfom0n1r3l3', '127.0.0.1', 1506187754, _binary 0x5F5F63695F6C6173745F726567656E65726174657C693A313530363138373735343B757365725F69647C733A313A2231223B757365726E616D657C733A353A2261646D696E223B7374617475737C733A313A2231223B),
	('c9u6f7js7564omp8i9b4ltl44kpkve6k', '127.0.0.1', 1506188604, _binary 0x5F5F63695F6C6173745F726567656E65726174657C693A313530363138383630343B757365725F69647C733A313A2231223B757365726E616D657C733A353A2261646D696E223B7374617475737C733A313A2231223B),
	('ff4b8cfvp0f48cfnf1ieouok56891q97', '127.0.0.1', 1506188985, _binary 0x5F5F63695F6C6173745F726567656E65726174657C693A313530363138383938353B757365725F69647C733A313A2231223B757365726E616D657C733A353A2261646D696E223B7374617475737C733A313A2231223B),
	('kscs588gfkteonajctlftt79h2s1h01g', '127.0.0.1', 1506189522, _binary 0x5F5F63695F6C6173745F726567656E65726174657C693A313530363138393532323B757365725F69647C733A313A2231223B757365726E616D657C733A353A2261646D696E223B7374617475737C733A313A2231223B),
	('d6su7vr3mekfjqfogfoo8gofha3tba69', '127.0.0.1', 1506190169, _binary 0x5F5F63695F6C6173745F726567656E65726174657C693A313530363139303136393B757365725F69647C733A313A2231223B757365726E616D657C733A353A2261646D696E223B7374617475737C733A313A2231223B),
	('hk26ankjsbrmmntaoo3dicisa4c87u49', '127.0.0.1', 1506190552, _binary 0x5F5F63695F6C6173745F726567656E65726174657C693A313530363139303535323B757365725F69647C733A313A2231223B757365726E616D657C733A353A2261646D696E223B7374617475737C733A313A2231223B),
	('ah7v05rjikakdmuul3ko7ie80r1h3dnu', '127.0.0.1', 1506190950, _binary 0x5F5F63695F6C6173745F726567656E65726174657C693A313530363139303935303B757365725F69647C733A313A2231223B757365726E616D657C733A353A2261646D696E223B7374617475737C733A313A2231223B),
	('8omk88b9hm5ig4s5fgg34mm02irosk54', '127.0.0.1', 1506191846, _binary 0x5F5F63695F6C6173745F726567656E65726174657C693A313530363139313834363B757365725F69647C733A313A2231223B757365726E616D657C733A353A2261646D696E223B7374617475737C733A313A2231223B),
	('p17ueuhlfrg2icj6o27empjoivhkj5im', '127.0.0.1', 1506192897, _binary 0x5F5F63695F6C6173745F726567656E65726174657C693A313530363139323839373B757365725F69647C733A313A2231223B757365726E616D657C733A353A2261646D696E223B7374617475737C733A313A2231223B),
	('o8pk36kaspfe056mvpsmohg9qscgd3v4', '127.0.0.1', 1506193251, _binary 0x5F5F63695F6C6173745F726567656E65726174657C693A313530363139333235313B757365725F69647C733A313A2231223B757365726E616D657C733A353A2261646D696E223B7374617475737C733A313A2231223B),
	('72rv0q2428s4bhecpdrt0ko4699m8upq', '127.0.0.1', 1506193713, _binary 0x5F5F63695F6C6173745F726567656E65726174657C693A313530363139333731333B757365725F69647C733A313A2231223B757365726E616D657C733A353A2261646D696E223B7374617475737C733A313A2231223B),
	('gkrlb8vhofq6e0h47dviunf420nrbobc', '127.0.0.1', 1506194214, _binary 0x5F5F63695F6C6173745F726567656E65726174657C693A313530363139343231343B757365725F69647C733A313A2231223B757365726E616D657C733A353A2261646D696E223B7374617475737C733A313A2231223B),
	('c4u4asr26h8dp8o77r0qouf87f68ds2v', '127.0.0.1', 1506194518, _binary 0x5F5F63695F6C6173745F726567656E65726174657C693A313530363139343531383B757365725F69647C733A313A2231223B757365726E616D657C733A353A2261646D696E223B7374617475737C733A313A2231223B),
	('u9hj7g8vnq0113cd2cn91nfr5hdt7qcs', '127.0.0.1', 1506194829, _binary 0x5F5F63695F6C6173745F726567656E65726174657C693A313530363139343832393B757365725F69647C733A313A2231223B757365726E616D657C733A353A2261646D696E223B7374617475737C733A313A2231223B),
	('um1rqmsrnesetols7f5ljpq0i9jtn3hh', '127.0.0.1', 1506195158, _binary 0x5F5F63695F6C6173745F726567656E65726174657C693A313530363139353135383B757365725F69647C733A313A2231223B757365726E616D657C733A353A2261646D696E223B7374617475737C733A313A2231223B),
	('3gdo1ukjqhgbu9f7q24e8fmf5q4ndr13', '127.0.0.1', 1506195479, _binary 0x5F5F63695F6C6173745F726567656E65726174657C693A313530363139353437393B757365725F69647C733A313A2231223B757365726E616D657C733A353A2261646D696E223B7374617475737C733A313A2231223B),
	('4bu4gv8q41o3cfm3sslqqub3mtthn098', '127.0.0.1', 1506195535, _binary 0x5F5F63695F6C6173745F726567656E65726174657C693A313530363139353437393B757365725F69647C733A313A2231223B757365726E616D657C733A353A2261646D696E223B7374617475737C733A313A2231223B),
	('oe7mf4n82ke4pf6jl37q0oegnm3v2r7t', '127.0.0.1', 1506216055, _binary 0x5F5F63695F6C6173745F726567656E65726174657C693A313530363231363035353B757365725F69647C733A313A2231223B757365726E616D657C733A353A2261646D696E223B7374617475737C733A313A2231223B),
	('1u95mh8iq9tno6s8lnamqkkskcc7424q', '127.0.0.1', 1506216381, _binary 0x5F5F63695F6C6173745F726567656E65726174657C693A313530363231363338313B757365725F69647C733A313A2231223B757365726E616D657C733A353A2261646D696E223B7374617475737C733A313A2231223B),
	('hk6iugv1qfsgbaj9bjch0mkmejdts0lm', '127.0.0.1', 1506217452, _binary 0x5F5F63695F6C6173745F726567656E65726174657C693A313530363231373435323B757365725F69647C733A313A2231223B757365726E616D657C733A353A2261646D696E223B7374617475737C733A313A2231223B),
	('oecb8nl807hdal947k5ijgm7srep9m9h', '127.0.0.1', 1506217784, _binary 0x5F5F63695F6C6173745F726567656E65726174657C693A313530363231373738343B757365725F69647C733A313A2231223B757365726E616D657C733A353A2261646D696E223B7374617475737C733A313A2231223B),
	('751s5pobk36dr3ntdskf5tmb8l5d9rmd', '127.0.0.1', 1506219763, _binary 0x5F5F63695F6C6173745F726567656E65726174657C693A313530363231393736333B757365725F69647C733A313A2231223B757365726E616D657C733A353A2261646D696E223B7374617475737C733A313A2231223B),
	('06gsl2oav47mftticdkkv427rl800s4u', '127.0.0.1', 1506220156, _binary 0x5F5F63695F6C6173745F726567656E65726174657C693A313530363232303135363B757365725F69647C733A313A2231223B757365726E616D657C733A353A2261646D696E223B7374617475737C733A313A2231223B),
	('0b9i6m4nu4qfhaeiaeo9l5a9p0fj4f5q', '127.0.0.1', 1506220471, _binary 0x5F5F63695F6C6173745F726567656E65726174657C693A313530363232303437313B757365725F69647C733A313A2231223B757365726E616D657C733A353A2261646D696E223B7374617475737C733A313A2231223B),
	('cumielgllc09qr97nv5n1vllegm69a9u', '127.0.0.1', 1506220887, _binary 0x5F5F63695F6C6173745F726567656E65726174657C693A313530363232303838373B757365725F69647C733A313A2231223B757365726E616D657C733A353A2261646D696E223B7374617475737C733A313A2231223B),
	('cda3a7uc4mgupa0drlqfbcjhfi48pav1', '127.0.0.1', 1506222447, _binary 0x5F5F63695F6C6173745F726567656E65726174657C693A313530363232323434373B757365725F69647C733A313A2234223B757365726E616D657C733A353A226A61736479223B7374617475737C733A313A2231223B),
	('6ltm4to3ek88ghpipbj4hcegvrj29k3g', '127.0.0.1', 1506223331, _binary 0x5F5F63695F6C6173745F726567656E65726174657C693A313530363232333333313B757365725F69647C733A313A2231223B757365726E616D657C733A353A2261646D696E223B7374617475737C733A313A2231223B6163636573737C613A333A7B693A303B733A32353A227370656369616C5F6163636573735F747970655F67726F7570223B693A313B733A31383A22695F776F6E6465725F776861745F656C7365223B693A323B733A32313A226163636573735F746F5F7365637265745F61726561223B7D69735F73757065727C733A313A2230223B),
	('ck9tq9splic4f8umubn070lk0m33cq5a', '127.0.0.1', 1506224462, _binary 0x5F5F63695F6C6173745F726567656E65726174657C693A313530363232343436323B757365725F69647C733A313A2234223B757365726E616D657C733A353A226A61736479223B7374617475737C733A313A2231223B6163636573737C613A303A7B7D69735F73757065727C733A313A2230223B),
	('b13c2pje220apvaceg06597q8h547rb7', '127.0.0.1', 1506224813, _binary 0x5F5F63695F6C6173745F726567656E65726174657C693A313530363232343831333B757365725F69647C733A313A2234223B757365726E616D657C733A353A226A61736479223B7374617475737C733A313A2231223B6163636573737C613A303A7B7D69735F73757065727C733A313A2230223B),
	('8e3v1e7asaunivk8toppv636hohqg8a5', '127.0.0.1', 1506225250, _binary 0x5F5F63695F6C6173745F726567656E65726174657C693A313530363232353235303B757365725F69647C733A313A2234223B757365726E616D657C733A353A226A61736479223B7374617475737C733A313A2231223B6163636573737C613A343A7B693A303B733A31343A2261646D696E5F70726F6A65637473223B693A313B733A31373A2261646D696E5F6465706172746D656E7473223B693A323B733A31363A2261646D696E5F61637469766974696573223B693A333B733A31383A2261646D696E5F6F7267616E69736174696F6E223B7D69735F73757065727C733A313A2230223B),
	('7l0q0ffg9uus8b0ua6v17homoohm1igi', '127.0.0.1', 1506225410, _binary 0x5F5F63695F6C6173745F726567656E65726174657C693A313530363232353430393B);
/*!40000 ALTER TABLE `ci_sessions` ENABLE KEYS */;


-- Dumping structure for table armadats.login_attempts
DROP TABLE IF EXISTS `login_attempts`;
CREATE TABLE IF NOT EXISTS `login_attempts` (
  `id` int(11) NOT NULL AUTO_INCREMENT,
  `ip_address` varchar(40) COLLATE utf8_bin NOT NULL,
  `login` varchar(50) COLLATE utf8_bin NOT NULL,
  `time` timestamp NOT NULL DEFAULT CURRENT_TIMESTAMP ON UPDATE CURRENT_TIMESTAMP,
  PRIMARY KEY (`id`)
) ENGINE=InnoDB AUTO_INCREMENT=2 DEFAULT CHARSET=utf8 COLLATE=utf8_bin;

-- Dumping data for table armadats.login_attempts: ~0 rows (approximately)
/*!40000 ALTER TABLE `login_attempts` DISABLE KEYS */;
/*!40000 ALTER TABLE `login_attempts` ENABLE KEYS */;


-- Dumping structure for table armadats.users
DROP TABLE IF EXISTS `users`;
CREATE TABLE IF NOT EXISTS `users` (
  `id` int(11) NOT NULL AUTO_INCREMENT,
  `username` varchar(50) COLLATE utf8_bin NOT NULL,
  `password` varchar(255) COLLATE utf8_bin NOT NULL,
  `email` varchar(100) COLLATE utf8_bin NOT NULL,
  `fullname` varchar(255) COLLATE utf8_bin NOT NULL,
  `activated` tinyint(1) NOT NULL DEFAULT '1',
  `banned` tinyint(1) NOT NULL DEFAULT '0',
  `ban_reason` varchar(255) COLLATE utf8_bin DEFAULT NULL,
  `new_password_key` varchar(50) COLLATE utf8_bin DEFAULT NULL,
  `is_super` tinyint(1) DEFAULT '0',
  `groups` varchar(100) COLLATE utf8_bin DEFAULT NULL,
  `new_password_requested` datetime DEFAULT NULL,
  `new_email` varchar(100) COLLATE utf8_bin DEFAULT NULL,
  `new_email_key` varchar(50) COLLATE utf8_bin DEFAULT NULL,
  `last_ip` varchar(40) COLLATE utf8_bin NOT NULL,
  `last_login` datetime NOT NULL DEFAULT '0000-00-00 00:00:00',
  `created` datetime NOT NULL DEFAULT '0000-00-00 00:00:00',
  `modified` timestamp NOT NULL DEFAULT CURRENT_TIMESTAMP ON UPDATE CURRENT_TIMESTAMP,
  `deleted_at` datetime DEFAULT NULL,
  `created_at` datetime DEFAULT NULL,
  `updated_at` datetime DEFAULT NULL,
  PRIMARY KEY (`id`)
) ENGINE=InnoDB AUTO_INCREMENT=5 DEFAULT CHARSET=utf8 COLLATE=utf8_bin;

-- Dumping data for table armadats.users: ~2 rows (approximately)
/*!40000 ALTER TABLE `users` DISABLE KEYS */;
INSERT INTO `users` (`id`, `username`, `password`, `email`, `fullname`, `activated`, `banned`, `ban_reason`, `new_password_key`, `is_super`, `groups`, `new_password_requested`, `new_email`, `new_email_key`, `last_ip`, `last_login`, `created`, `modified`, `deleted_at`, `created_at`, `updated_at`) VALUES
	(1, 'admin', '$P$BQUANaQWJ16E0bEap2KUZoGcyT1ws01', 'dino@websegera.my', '', 1, 0, NULL, NULL, 1, '1', NULL, NULL, NULL, '127.0.0.1', '2017-09-24 03:55:51', '0000-00-00 00:00:00', '2017-09-24 11:55:51', NULL, NULL, '2017-09-24 03:08:25'),
	(4, 'jasdy', '$P$BBEphgBjmeAI51BL9iSmqRDuk78cOm/', 'akutaktau@gmail.com', 'Jasdy Syarman', 1, 0, NULL, NULL, 0, '2', NULL, NULL, NULL, '127.0.0.1', '2017-09-24 03:48:47', '2017-09-24 01:50:03', '2017-09-24 11:48:47', NULL, '2017-09-24 01:50:03', '2017-09-24 03:48:31');
/*!40000 ALTER TABLE `users` ENABLE KEYS */;


-- Dumping structure for table armadats.user_access_types
DROP TABLE IF EXISTS `user_access_types`;
CREATE TABLE IF NOT EXISTS `user_access_types` (
  `acctype_id` int(11) NOT NULL AUTO_INCREMENT,
  `code` varchar(50) DEFAULT NULL,
  `deleted_at` datetime DEFAULT NULL,
  `created_at` datetime DEFAULT NULL,
  `updated_at` datetime DEFAULT NULL,
  PRIMARY KEY (`acctype_id`),
  UNIQUE KEY `code` (`code`)
) ENGINE=InnoDB AUTO_INCREMENT=10 DEFAULT CHARSET=utf8;

-- Dumping data for table armadats.user_access_types: ~9 rows (approximately)
/*!40000 ALTER TABLE `user_access_types` DISABLE KEYS */;
INSERT INTO `user_access_types` (`acctype_id`, `code`, `deleted_at`, `created_at`, `updated_at`) VALUES
	(1, 'admin_projects', NULL, NULL, NULL),
	(2, 'admin_departments', NULL, NULL, NULL),
	(3, 'admin_activities', NULL, NULL, NULL),
	(4, 'admin_organisation', NULL, NULL, NULL),
	(5, 'admin_users', NULL, NULL, NULL),
	(6, 'admin_groups', NULL, NULL, NULL),
	(7, 'admin_app_settings', NULL, NULL, NULL),
	(8, 'admin_group_access', NULL, NULL, NULL),
	(9, 'admin_access_types', NULL, NULL, NULL);
/*!40000 ALTER TABLE `user_access_types` ENABLE KEYS */;


-- Dumping structure for table armadats.user_autologin
DROP TABLE IF EXISTS `user_autologin`;
CREATE TABLE IF NOT EXISTS `user_autologin` (
  `key_id` char(32) COLLATE utf8_bin NOT NULL,
  `user_id` int(11) NOT NULL DEFAULT '0',
  `user_agent` varchar(150) COLLATE utf8_bin NOT NULL,
  `last_ip` varchar(40) COLLATE utf8_bin NOT NULL,
  `last_login` timestamp NOT NULL DEFAULT CURRENT_TIMESTAMP ON UPDATE CURRENT_TIMESTAMP,
  PRIMARY KEY (`key_id`,`user_id`)
) ENGINE=InnoDB DEFAULT CHARSET=utf8 COLLATE=utf8_bin;

-- Dumping data for table armadats.user_autologin: ~0 rows (approximately)
/*!40000 ALTER TABLE `user_autologin` DISABLE KEYS */;
/*!40000 ALTER TABLE `user_autologin` ENABLE KEYS */;


-- Dumping structure for table armadats.user_groups
DROP TABLE IF EXISTS `user_groups`;
CREATE TABLE IF NOT EXISTS `user_groups` (
  `group_id` int(11) NOT NULL AUTO_INCREMENT,
  `name` varchar(50) DEFAULT NULL,
  `code` varchar(20) DEFAULT NULL,
  `deleted_at` datetime DEFAULT NULL,
  `created_at` datetime DEFAULT NULL,
  `updated_at` datetime DEFAULT NULL,
  PRIMARY KEY (`group_id`)
) ENGINE=InnoDB AUTO_INCREMENT=3 DEFAULT CHARSET=utf8;

-- Dumping data for table armadats.user_groups: ~2 rows (approximately)
/*!40000 ALTER TABLE `user_groups` DISABLE KEYS */;
INSERT INTO `user_groups` (`group_id`, `name`, `code`, `deleted_at`, `created_at`, `updated_at`) VALUES
	(1, 'Mighty', 'mighty', NULL, NULL, NULL),
	(2, 'App Data Admin', 'appdata_admin', NULL, NULL, NULL);
/*!40000 ALTER TABLE `user_groups` ENABLE KEYS */;


-- Dumping structure for table armadats.user_group_access
DROP TABLE IF EXISTS `user_group_access`;
CREATE TABLE IF NOT EXISTS `user_group_access` (
  `group_access_id` int(11) NOT NULL AUTO_INCREMENT,
  `group_id` int(11) NOT NULL,
  `acctype_id` int(11) NOT NULL,
  `deleted_at` datetime DEFAULT NULL,
  `created_at` datetime DEFAULT NULL,
  `updated_at` datetime DEFAULT NULL,
  PRIMARY KEY (`group_access_id`)
) ENGINE=InnoDB AUTO_INCREMENT=18 DEFAULT CHARSET=utf8;

-- Dumping data for table armadats.user_group_access: ~11 rows (approximately)
/*!40000 ALTER TABLE `user_group_access` DISABLE KEYS */;
INSERT INTO `user_group_access` (`group_access_id`, `group_id`, `acctype_id`, `deleted_at`, `created_at`, `updated_at`) VALUES
	(7, 1, 1, NULL, NULL, NULL),
	(8, 1, 2, NULL, NULL, NULL),
	(9, 1, 3, NULL, NULL, NULL),
	(10, 1, 4, NULL, NULL, NULL),
	(11, 1, 5, NULL, NULL, NULL),
	(12, 1, 6, NULL, NULL, NULL),
	(13, 1, 7, NULL, NULL, NULL),
	(14, 2, 1, NULL, NULL, NULL),
	(15, 2, 2, NULL, NULL, NULL),
	(16, 2, 3, NULL, NULL, NULL),
	(17, 2, 4, NULL, NULL, NULL);
/*!40000 ALTER TABLE `user_group_access` ENABLE KEYS */;


-- Dumping structure for table armadats.user_profiles
DROP TABLE IF EXISTS `user_profiles`;
CREATE TABLE IF NOT EXISTS `user_profiles` (
  `id` int(11) NOT NULL AUTO_INCREMENT,
  `user_id` int(11) NOT NULL,
  `country` varchar(20) COLLATE utf8_bin DEFAULT NULL,
  `website` varchar(255) COLLATE utf8_bin DEFAULT NULL,
  `deleted_at` datetime DEFAULT NULL,
  `created_at` datetime DEFAULT NULL,
  `updated_at` datetime DEFAULT NULL,
  PRIMARY KEY (`id`)
) ENGINE=InnoDB AUTO_INCREMENT=5 DEFAULT CHARSET=utf8 COLLATE=utf8_bin;

-- Dumping data for table armadats.user_profiles: ~4 rows (approximately)
/*!40000 ALTER TABLE `user_profiles` DISABLE KEYS */;
INSERT INTO `user_profiles` (`id`, `user_id`, `country`, `website`, `deleted_at`, `created_at`, `updated_at`) VALUES
	(1, 1, NULL, NULL, NULL, NULL, NULL),
	(2, 2, NULL, NULL, NULL, NULL, NULL),
	(3, 3, NULL, NULL, NULL, NULL, NULL),
	(4, 4, NULL, NULL, NULL, NULL, NULL);
/*!40000 ALTER TABLE `user_profiles` ENABLE KEYS */;
/*!40101 SET SQL_MODE=IFNULL(@OLD_SQL_MODE, '') */;
/*!40014 SET FOREIGN_KEY_CHECKS=IF(@OLD_FOREIGN_KEY_CHECKS IS NULL, 1, @OLD_FOREIGN_KEY_CHECKS) */;
/*!40101 SET CHARACTER_SET_CLIENT=@OLD_CHARACTER_SET_CLIENT */;
